date,main1,main2,main3,main4,main5,main6,supp1,supp2
11/28/25,30,8,25,43,39,24,21,1
11/26/25,44,43,8,36,16,27,31,30
11/24/25,44,15,20,17,4,18,7,11
11/21/25,4,5,26,10,40,20,14,24
11/19/25,43,26,35,25,42,13,24,5
11/17/25,37,11,4,2,5,7,30,22
11/14/25,34,11,28,15,44,31,9,20
11/12/25,35,11,33,15,34,45,8,37
11/10/25,38,3,31,22,28,5,26,14
11/7/25,31,16,23,30,6,3,13,18
11/5/25,26,15,18,27,7,37,19,44
11/3/25,25,14,29,23,45,13,31,8
10/31/25,5,26,42,41,13,16,34,23
10/29/25,22,35,5,20,7,10,27,45
10/27/25,14,1,26,6,44,11,17,2
10/24/25,23,37,11,3,15,22,41,13
10/22/25,3,34,41,30,1,5,27,8
10/20/25,31,44,13,10,30,3,5,7
10/17/25,22,11,40,2,33,43,27,39
10/15/25,25,31,10,13,32,36,22,26
10/13/25,11,17,14,28,16,27,2,7
10/10/25,44,7,6,36,20,45,26,24
10/8/25,35,12,40,44,30,29,31,37
10/6/25,23,35,40,24,39,43,30,37
10/3/25,41,36,43,24,44,18,6,32
10/1/25,22,16,37,3,24,7,20,33
9/29/25,26,11,27,35,28,16,15,22
9/26/25,24,7,39,28,36,26,2,8
9/24/25,22,17,28,19,43,35,33,20
9/22/25,2,10,41,27,13,3,24,5
9/19/25,37,45,32,11,33,30,21,1
9/17/25,22,20,44,42,23,17,35,18
9/15/25,39,4,41,42,34,23,45,14
9/12/25,26,4,22,43,5,16,40,9
9/10/25,3,14,45,22,31,20,37,29
9/8/25,16,7,25,12,21,42,20,32
9/5/25,17,32,14,38,26,3,11,42
9/3/25,23,11,43,10,34,38,30,31
9/1/25,7,8,27,40,31,44,16,42
8/29/25,19,24,9,6,36,39,26,37
8/27/25,15,12,42,31,24,33,19,23
8/25/25,4,6,10,23,37,41,11,36
8/22/25,4,6,13,17,29,32,5,15
8/20/25,2,4,9,14,20,26,36,39
8/18/25,6,13,16,38,43,44,10,40
8/15/25,15,20,23,25,26,36,1,11
8/13/25,5,11,14,17,24,36,1,16
8/11/25,5,10,11,13,17,39,35,45
8/8/25,1,9,13,29,34,44,28,41
8/6/25,8,10,20,28,31,32,22,23
8/4/25,7,19,34,38,44,45,13,20
8/1/25,2,20,22,27,28,34,3,7
7/30/25,1,17,20,27,35,39,16,21
7/28/25,22,25,31,36,39,42,13,18
7/25/25,3,6,27,29,31,45,5,24
7/23/25,3,16,20,29,39,44,11,32
7/21/25,4,12,13,15,33,44,7,19
7/18/25,7,9,20,26,35,36,23,38
7/16/25,3,26,29,34,35,36,5,41
7/14/25,4,5,9,40,42,45,2,6
7/11/25,9,24,28,30,37,38,3,16
7/9/25,7,14,22,32,37,42,13,41
7/7/25,11,13,27,29,31,36,6,37
7/4/25,3,7,14,21,23,33,5,26
7/2/25,18,20,22,26,43,45,3,36
6/30/25,15,16,33,38,40,41,2,10
6/27/25,2,8,21,27,28,45,24,39
6/25/25,5,14,32,33,34,39,8,22
6/23/25,4,6,7,24,29,39,31,40
6/20/25,4,5,13,19,26,37,9,17
6/18/25,13,18,24,32,35,39,1,28
6/16/25,7,11,18,27,29,41,24,35
6/13/25,11,15,16,23,32,35,5,43
6/11/25,6,20,24,34,36,42,9,18
6/9/25,2,22,25,27,33,34,38,40
6/6/25,15,16,20,41,43,44,40,42
6/4/25,11,12,21,22,34,36,4,30
6/2/25,4,24,25,31,36,41,14,42
5/30/25,6,15,28,32,34,36,25,30
5/28/25,12,17,19,23,25,37,1,35
5/26/25,2,6,10,20,31,35,3,40
5/23/25,3,11,24,25,26,37,17,41
5/21/25,5,6,17,23,29,36,2,14
5/19/25,13,27,31,38,40,42,23,26
5/16/25,1,2,8,10,21,23,6,16
5/14/25,15,22,24,32,40,43,10,44
5/12/25,7,24,28,29,35,40,13,27
5/9/25,3,17,26,29,32,42,33,35
5/7/25,4,6,13,15,26,38,7,33
5/5/25,1,7,20,30,39,40,3,26
5/2/25,3,14,19,32,34,41,20,36
4/30/25,12,26,32,41,43,45,38,42
4/28/25,8,12,28,29,36,45,6,31
4/25/25,8,10,17,29,36,40,3,7
4/23/25,3,10,11,18,20,37,22,32
4/21/25,5,11,12,13,18,30,8,27
4/18/25,1,20,36,37,38,44,17,23
4/16/25,1,5,6,20,22,42,26,43
4/14/25,7,10,14,25,34,36,1,11
4/11/25,12,14,20,23,40,43,6,37
4/9/25,15,27,29,30,35,36,4,38
4/7/25,2,3,6,8,33,41,37,39
4/4/25,3,9,24,29,40,42,4,14
4/2/25,5,9,11,29,31,37,4,33
3/31/25,6,18,24,34,38,43,13,16
3/28/25,16,32,33,39,41,44,30,38
3/26/25,5,10,19,21,36,41,15,27
3/24/25,1,2,3,16,22,31,14,41
3/21/25,11,12,14,17,19,24,29,45
3/19/25,19,24,25,31,35,45,2,34
3/17/25,9,38,41,42,44,45,28,30
3/14/25,5,8,13,18,22,37,7,9
3/12/25,21,24,28,34,39,40,6,31
3/10/25,7,14,17,21,27,33,6,41
3/7/25,5,6,16,19,38,41,2,15
3/5/25,4,19,26,33,34,38,14,35
3/3/25,4,6,8,15,21,42,7,33
2/28/25,8,12,22,23,30,39,25,36
2/26/25,8,10,25,26,35,44,16,43
2/24/25,1,2,12,16,17,26,4,11
2/21/25,7,10,14,21,23,34,25,41
2/19/25,1,17,31,39,43,44,7,45
2/17/25,5,21,26,30,31,35,19,27
2/14/25,1,4,16,38,44,45,14,31
2/12/25,7,14,15,20,26,34,23,30
2/10/25,9,11,12,29,30,37,8,20
2/7/25,5,7,23,26,30,32,10,15
2/5/25,2,6,8,9,20,31,11,44
2/3/25,3,7,18,26,28,38,9,17
1/31/25,2,20,23,34,35,42,4,31
1/29/25,6,11,13,17,22,42,25,28
1/27/25,9,10,14,31,36,37,11,29
1/24/25,1,9,17,20,21,37,35,45
1/22/25,5,9,17,22,35,43,33,36
1/20/25,3,8,15,29,36,38,42,44
1/17/25,4,10,15,23,25,35,9,43
1/15/25,4,12,20,23,32,35,16,25
1/13/25,25,28,31,37,42,45,11,22
1/10/25,6,19,25,29,30,32,18,38
1/8/25,7,19,27,35,36,37,22,34
1/6/25,1,2,11,28,30,39,4,35
1/3/25,6,14,27,32,35,37,29,39
1/1/25,10,12,28,32,36,39,11,45
12/30/24,8,9,27,29,35,43,6,23
12/27/24,28,31,35,36,39,41,27,34
12/25/24,6,7,11,33,37,40,12,31
12/23/24,5,15,16,26,28,30,9,14
12/20/24,7,14,15,20,31,45,4,42
12/18/24,2,12,15,22,40,45,9,42
12/16/24,6,10,20,29,35,41,12,21
12/13/24,10,16,29,38,41,44,23,40
12/11/24,14,17,24,28,31,43,1,20
12/9/24,5,7,18,30,39,40,17,41
12/6/24,9,10,25,29,43,45,4,26
12/4/24,4,17,22,35,36,42,5,44
12/2/24,4,5,12,15,22,34,13,28
11/29/24,2,10,19,27,39,41,16,20
11/27/24,7,17,19,29,31,39,1,37
11/25/24,8,12,14,17,39,42,23,25
11/22/24,1,10,20,26,27,35,17,33
11/20/24,3,13,17,23,34,37,35,41
11/18/24,11,22,28,31,32,41,5,21
11/15/24,9,24,28,30,32,41,18,25
11/13/24,4,15,18,19,31,34,2,7
11/11/24,1,7,16,18,22,38,2,33
11/8/24,3,15,19,24,33,45,20,41
11/6/24,18,23,25,30,39,42,17,34
11/4/24,4,6,8,15,36,37,3,40
11/1/24,2,20,25,26,35,43,18,27
10/30/24,3,6,7,11,28,35,5,44
10/28/24,1,15,29,38,41,42,8,30
10/25/24,2,12,30,39,41,43,25,26
10/23/24,15,25,26,30,41,45,19,29
10/21/24,3,4,13,18,22,25,6,16
10/18/24,4,28,29,30,37,42,19,41
10/16/24,5,20,25,26,39,42,17,36
10/14/24,1,17,18,36,42,44,10,24
10/11/24,5,12,13,14,17,31,4,24
10/9/24,7,13,14,29,39,43,1,23
10/7/24,9,15,17,25,37,40,21,42
10/4/24,6,12,13,16,21,25,9,24
10/2/24,3,14,33,40,43,45,20,21
9/30/24,1,11,20,25,27,42,24,37
9/27/24,1,10,18,24,35,36,20,44
9/25/24,9,12,16,17,39,44,23,42
9/23/24,7,11,23,33,36,43,3,21
9/20/24,6,11,14,22,27,35,8,21
9/18/24,2,4,18,23,24,30,26,40
9/16/24,4,15,20,30,31,36,27,45
9/13/24,6,7,24,27,36,41,11,18
9/11/24,6,19,21,35,41,44,22,40
9/9/24,4,8,12,16,27,43,9,38
9/6/24,4,5,16,20,22,26,8,24
9/4/24,9,22,31,35,42,45,3,21
9/2/24,15,24,32,35,37,44,13,22
8/30/24,6,14,21,32,36,42,25,43
8/28/24,7,8,12,22,32,43,18,45
8/26/24,5,25,26,32,38,45,2,8
8/23/24,11,15,29,38,42,43,34,37
8/21/24,3,5,15,24,36,44,14,32
8/19/24,15,19,20,24,33,38,13,35
8/16/24,2,15,20,24,37,40,10,17
8/14/24,4,8,9,23,39,41,24,29
8/12/24,17,19,26,27,32,42,2,20
8/9/24,16,17,20,21,30,43,3,33
8/7/24,11,13,14,29,35,38,10,27
8/5/24,1,6,17,19,24,28,2,27
8/2/24,16,21,27,28,30,39,26,33
7/31/24,2,17,23,31,33,41,20,24
7/29/24,1,12,15,19,25,27,18,21
7/26/24,9,22,27,29,36,40,2,6
7/24/24,3,16,27,28,40,44,22,38
7/22/24,10,16,26,28,35,37,22,44
7/19/24,19,21,27,33,41,43,15,37
7/17/24,2,4,11,29,30,34,10,20
7/15/24,6,8,14,18,25,26,11,27
7/12/24,2,11,21,26,30,45,8,37
7/10/24,5,7,21,26,31,44,25,37
7/8/24,10,11,16,21,27,44,4,26
7/5/24,2,6,11,16,23,43,24,41
7/3/24,4,16,21,25,30,31,27,35
7/1/24,5,7,11,13,15,29,20,38
6/28/24,23,26,29,35,42,43,3,22
6/26/24,15,17,28,29,37,39,16,41
6/24/24,5,8,12,17,29,41,11,37
6/21/24,11,24,28,35,37,45,2,39
6/19/24,3,20,25,41,43,44,1,11
6/17/24,3,7,24,28,38,44,13,32
6/14/24,1,3,4,9,18,20,10,12
6/12/24,10,13,19,27,29,36,30,38
6/10/24,16,21,26,34,36,42,17,38
6/7/24,5,7,10,22,34,44,11,21
6/5/24,13,14,19,22,23,35,2,8
6/3/24,5,24,26,32,33,44,28,36
5/31/24,1,11,14,26,27,37,9,21
5/29/24,5,7,9,11,29,40,3,17
5/27/24,4,5,27,36,39,41,24,35
5/24/24,2,7,9,10,25,36,3,32
5/22/24,3,16,20,21,32,36,35,43
5/20/24,3,9,25,30,31,35,15,43